Workbook

Sheet IB_Adviesmodel
A1: Professioneel IB-Ondernemer Adviesmodel Youngtimerregeling (vergelijk 2026 vs 2027)
A3: INPUT
A4: Kenteken | B4: XX-999-X
A5: Datum eerste registratie (RDW: datum eerste toelating) | B5: 39448
A6: Fiscale winst vóór bijtelling (EUR/jaar) | B6: 90000
A7: Cataloguswaarde auto (EUR) | B7: 85000
A8: Waarde economisch verkeer / dagwaarde (EUR) | B8: 7500
A9: Youngtimer percentage (%) (2026/2027 indien van toepassing) | B9: 35
A10: Regulier bijtellingspercentage (%) (2026/2027, standaard) | B10: 22
A11: Zelfstandigenaftrek (EUR, indien van toepassing) | B11: 3750
A12: MKB-winstvrijstelling (%) (Wet IB 2001) | B12: 14
A15: LEEFTIJDCONTROLE
A16: Leeftijd op 01-01-2026 (jaren) | B16: =DATEDIF($B$5,DATE(2026,1,1),"y") | C16: Leeftijd op 01-01-2027 (jaren) | D16: =DATEDIF($B$5,DATE(2027,1,1),"y")
A17: Voldoet aan youngtimer in 2026? (>= 16 jaar) | B17: =IF($B$16>=16,"JA","NEE") | C17: Voldoet aan youngtimer in 2027? (>= 25 jaar) | D17: =IF($D$16>=25,"JA","NEE")
A18: Conclusie 2027 voor deze auto | B18: =IF($D$16>=25,"Youngtimer blijft van toepassing","Youngtimer vervalt (reguliere bijtelling)")
A20: BEREKENING 2026
A21: Bijtelling 2026 (automatisch: youngtimer of regulier) | B21: =IF($B$17="JA",ROUND($B$8*($B$9/100),0),ROUND($B$7*($B$10/100),0))
A22: Winst na bijtelling | B22: =$B$6+$B$21
A23: Winst na zelfstandigenaftrek | B23: =$B$22-$B$11
A24: MKB-winstvrijstelling | B24: =ROUND($B$23*($B$12/100),0)
A25: Belastbare winst box 1 | B25: =$B$23-$B$24
A26: Inkomstenbelasting 2026 (progressief, zie Tariefanalyse) | B26: =Tariefanalyse!B20
A27: Gemiddeld IB-tarief 2026 (%) (zie Tariefanalyse) | B27: =Tariefanalyse!B24
A28: Zvw-bijdrage 2026 (incl. maximum, zie Tariefanalyse) | B28: =Tariefanalyse!B21
A29: Totale fiscale druk 2026 (IB + Zvw) | B29: =$B$26+$B$28
A31: BEREKENING 2027
A32: Bijtelling 2027 (automatisch: youngtimer of regulier) | B32: =IF($D$17="JA",ROUND($B$8*($B$9/100),0),ROUND($B$7*($B$10/100),0))
A33: Winst na bijtelling | B33: =$B$6+$B$32
A34: Winst na zelfstandigenaftrek | B34: =$B$33-$B$11
A35: MKB-winstvrijstelling | B35: =ROUND($B$34*($B$12/100),0)
A36: Belastbare winst box 1 | B36: =$B$34-$B$35
A37: Inkomstenbelasting 2027 (progressief, zie Tariefanalyse) | B37: =Tariefanalyse!C20
A38: Gemiddeld IB-tarief 2027 (%) (zie Tariefanalyse) | B38: =Tariefanalyse!C24
A39: Zvw-bijdrage 2027 (incl. maximum, zie Tariefanalyse) | B39: =Tariefanalyse!C21
A40: Totale fiscale druk 2027 (IB + Zvw) | B40: =$B$37+$B$39
A42: VERSCHIL 2027 t.o.v. 2026
A43: Extra fiscale druk per jaar | B43: =$B$40-$B$29
A44: Extra fiscale druk per maand | B44: =ROUND($B$43/12,0)
A46: TOELICHTING
A47: Modelmatige berekening zonder heffingskortingen, eigen woning en persoonsgebonden aftrek. Tarieven, schijfgrenzen en Zvw-maximum zijn per jaar instelbaar op tabblad Tariefanalyse.

Sheet Tariefanalyse
A1: Tariefanalyse Box 1 + Zvw (modelmatig; zonder heffingskortingen)
A3: JAAR | B3: 2026 | C3: 2027
A4: Schijf 1 t/m (EUR) | B4: 38883 | C4: 38883
A5: Schijf 2 t/m (EUR) | B5: 78426 | C5: 78426
A6: Tarief schijf 1 (%) | B6: 35.75 | C6: 35.75
A7: Tarief schijf 2 (%) | B7: 37.56 | C7: 37.56
A8: Tarief schijf 3 (%) | B8: 49.5 | C8: 49.5
A9: Zvw-percentage (%) (ondernemer) | B9: 4.85 | C9: 4.85
A10: Maximumbijdrage-inkomen Zvw (EUR) | B10: 79409 | C10: 79409
A12: Belastbare winst box 1 | B12: =IB_Adviesmodel!B25 | C12: =IB_Adviesmodel!B36
A14: Belasting schijf 1 | B14: =ROUND(MIN(B12,B4)*(B6/100),0) | C14: =ROUND(MIN(C12,C4)*(C6/100),0)
A15: Belasting schijf 2 | B15: =ROUND(MAX(MIN(B12,B5)-B4,0)*(B7/100),0) | C15: =ROUND(MAX(MIN(C12,C5)-C4,0)*(C7/100),0)
A16: Belasting schijf 3 | B16: =ROUND(MAX(B12-B5,0)*(B8/100),0) | C16: =ROUND(MAX(C12-C5,0)*(C8/100),0)
A18: Totale inkomstenbelasting
A20: Totale inkomstenbelasting | B20: =B14+B15+B16 | C20: =C14+C15+C16
A21: Zvw-bijdrage (met maximum) | B21: =ROUND(MIN(B12,B10)*(B9/100),0) | C21: =ROUND(MIN(C12,C10)*(C9/100),0)
A22: Totale fiscale druk (IB + Zvw) | B22: =B20+B21 | C22: =C20+C21
A24: Gemiddeld IB-tarief (%) | B24: =IF(B12=0,0,ROUND(B20/B12*100,1)) | C24: =IF(C12=0,0,ROUND(C20/C12*100,1))
A25: Gemiddelde totale druk incl. Zvw (%) | B25: =IF(B12=0,0,ROUND(B22/B12*100,1)) | C25: =IF(C12=0,0,ROUND(C22/C12*100,1))
A27: Toelichting: 2026-parameters zijn ingevuld volgens Belastingdienst (box 1: 3 schijven) en Belastingdienst Zvw (percentage en maximumbijdrage-inkomen). 2027 is instelbaar.
